Scenario,Quality,Recommendation,Priority
scenario_1,Critical,Immediate optimization or system redesign needed,High
scenario_10,Critical,Immediate optimization or system redesign needed,High
scenario_11,Critical,Immediate optimization or system redesign needed,High
scenario_12,Critical,Immediate optimization or system redesign needed,High
scenario_13,Critical,Immediate optimization or system redesign needed,High
scenario_14,Critical,Immediate optimization or system redesign needed,High
scenario_15,Critical,Immediate optimization or system redesign needed,High
scenario_16,Critical,Immediate optimization or system redesign needed,High
scenario_17,Critical,Immediate optimization or system redesign needed,High
scenario_18,Critical,Immediate optimization or system redesign needed,High
scenario_19,Critical,Immediate optimization or system redesign needed,High
scenario_2,Critical,Immediate optimization or system redesign needed,High
scenario_20,Critical,Immediate optimization or system redesign needed,High
scenario_21,Critical,Immediate optimization or system redesign needed,High
scenario_22,Critical,Immediate optimization or system redesign needed,High
scenario_23,Critical,Immediate optimization or system redesign needed,High
scenario_24,Critical,Immediate optimization or system redesign needed,High
scenario_25,Critical,Immediate optimization or system redesign needed,High
scenario_26,Critical,Immediate optimization or system redesign needed,High
scenario_27,Critical,Immediate optimization or system redesign needed,High
scenario_28,Critical,Immediate optimization or system redesign needed,High
scenario_29,Critical,Immediate optimization or system redesign needed,High
scenario_3,Critical,Immediate optimization or system redesign needed,High
scenario_30,Critical,Immediate optimization or system redesign needed,High
scenario_31,Critical,Immediate optimization or system redesign needed,High
scenario_32,Critical,Immediate optimization or system redesign needed,High
scenario_33,Critical,Immediate optimization or system redesign needed,High
scenario_34,Critical,Immediate optimization or system redesign needed,High
scenario_35,Critical,Immediate optimization or system redesign needed,High
scenario_36,Critical,Immediate optimization or system redesign needed,High
scenario_37,Critical,Immediate optimization or system redesign needed,High
scenario_38,Critical,Immediate optimization or system redesign needed,High
scenario_39,Critical,Immediate optimization or system redesign needed,High
scenario_4,Critical,Immediate optimization or system redesign needed,High
scenario_40,Critical,Immediate optimization or system redesign needed,High
scenario_41,Critical,Immediate optimization or system redesign needed,High
scenario_42,Critical,Immediate optimization or system redesign needed,High
scenario_43,Critical,Immediate optimization or system redesign needed,High
scenario_44,Critical,Immediate optimization or system redesign needed,High
scenario_45,Critical,Immediate optimization or system redesign needed,High
scenario_46,Critical,Immediate optimization or system redesign needed,High
scenario_47,Critical,Immediate optimization or system redesign needed,High
scenario_48,Critical,Immediate optimization or system redesign needed,High
scenario_49,Critical,Immediate optimization or system redesign needed,High
scenario_5,Critical,Immediate optimization or system redesign needed,High
scenario_50,Critical,Immediate optimization or system redesign needed,High
scenario_51,Critical,Immediate optimization or system redesign needed,High
scenario_52,Critical,Immediate optimization or system redesign needed,High
scenario_53,Critical,Immediate optimization or system redesign needed,High
scenario_54,Critical,Immediate optimization or system redesign needed,High
scenario_55,Critical,Immediate optimization or system redesign needed,High
scenario_56,Critical,Immediate optimization or system redesign needed,High
scenario_57,Critical,Immediate optimization or system redesign needed,High
scenario_58,Critical,Immediate optimization or system redesign needed,High
scenario_59,Critical,Immediate optimization or system redesign needed,High
scenario_6,Critical,Immediate optimization or system redesign needed,High
scenario_60,Critical,Immediate optimization or system redesign needed,High
scenario_61,Critical,Immediate optimization or system redesign needed,High
scenario_62,Critical,Immediate optimization or system redesign needed,High
scenario_63,Critical,Immediate optimization or system redesign needed,High
scenario_64,Critical,Immediate optimization or system redesign needed,High
scenario_65,Critical,Immediate optimization or system redesign needed,High
scenario_66,Critical,Immediate optimization or system redesign needed,High
scenario_67,Critical,Immediate optimization or system redesign needed,High
scenario_68,Critical,Immediate optimization or system redesign needed,High
scenario_7,Critical,Immediate optimization or system redesign needed,High
scenario_8,Critical,Immediate optimization or system redesign needed,High
scenario_9,Critical,Immediate optimization or system redesign needed,High
